id	variable	value	cluster	label
1	15	10	0.33	1	E 2 St & Avenue C
2	15	14	0	1	E 2 St & Avenue C
3	15	5	28.54	1	E 2 St & Avenue C
4	15	1	39.78	1	E 2 St & Avenue C
5	15	9	0.11	1	E 2 St & Avenue C
6	15	18	2.98	1	E 2 St & Avenue C
7	15	23	39.3	1	E 2 St & Avenue C
8	15	12	0.22	1	E 2 St & Avenue C
9	15	4	39.11	1	E 2 St & Avenue C
10	15	7	2.29	1	E 2 St & Avenue C
11	15	22	39.14	1	E 2 St & Avenue C
12	15	15	0	1	E 2 St & Avenue C
13	15	19	24.45	1	E 2 St & Avenue C
14	15	2	39.89	1	E 2 St & Avenue C
15	15	6	7.09	1	E 2 St & Avenue C
16	15	21	35.42	1	E 2 St & Avenue C
17	15	0	36.33	1	E 2 St & Avenue C
18	15	13	0	1	E 2 St & Avenue C
19	15	8	0	1	E 2 St & Avenue C
20	15	11	0.22	1	E 2 St & Avenue C
21	15	3	39.32	1	E 2 St & Avenue C
22	15	16	0	1	E 2 St & Avenue C
23	15	17	0.33	1	E 2 St & Avenue C
24	15	20	29.79	1	E 2 St & Avenue C
25	32	23	51.8	1	W 13 St & 7 Ave
26	32	10	51.63	1	W 13 St & 7 Ave
27	32	7	51.2	1	W 13 St & 7 Ave
28	32	14	51.58	1	W 13 St & 7 Ave
29	32	11	51.63	1	W 13 St & 7 Ave
30	32	6	51.15	1	W 13 St & 7 Ave
31	32	3	50.98	1	W 13 St & 7 Ave
32	32	22	52.08	1	W 13 St & 7 Ave
33	32	15	51.69	1	W 13 St & 7 Ave
34	32	2	51.04	1	W 13 St & 7 Ave
35	32	21	51.86	1	W 13 St & 7 Ave
36	32	16	51.63	1	W 13 St & 7 Ave
37	32	5	51.63	1	W 13 St & 7 Ave
38	32	18	51.82	1	W 13 St & 7 Ave
39	32	19	52.41	1	W 13 St & 7 Ave
40	32	1	51.6	1	W 13 St & 7 Ave
41	32	0	52.33	1	W 13 St & 7 Ave
42	32	4	51.2	1	W 13 St & 7 Ave
43	32	17	51.92	1	W 13 St & 7 Ave
44	32	20	52.46	1	W 13 St & 7 Ave
45	32	12	51.58	1	W 13 St & 7 Ave
46	32	13	51.63	1	W 13 St & 7 Ave
47	32	9	50.98	1	W 13 St & 7 Ave
48	32	8	50.98	1	W 13 St & 7 Ave
49	39	2	15.96	1	St Marks Pl & 2 Ave
50	39	3	13.07	1	St Marks Pl & 2 Ave
51	39	4	9.91	1	St Marks Pl & 2 Ave
52	39	19	34.32	1	St Marks Pl & 2 Ave
53	39	6	0.44	1	St Marks Pl & 2 Ave
54	39	23	16.55	1	St Marks Pl & 2 Ave
55	39	10	0	1	St Marks Pl & 2 Ave
56	39	7	0	1	St Marks Pl & 2 Ave
57	39	21	28.07	1	St Marks Pl & 2 Ave
58	39	14	0	1	St Marks Pl & 2 Ave
59	39	9	0	1	St Marks Pl & 2 Ave
60	39	11	0	1	St Marks Pl & 2 Ave
61	39	20	32.64	1	St Marks Pl & 2 Ave
62	39	16	0	1	St Marks Pl & 2 Ave
63	39	5	5.99	1	St Marks Pl & 2 Ave
64	39	15	0.22	1	St Marks Pl & 2 Ave
65	39	17	0.66	1	St Marks Pl & 2 Ave
66	39	1	17.46	1	St Marks Pl & 2 Ave
67	39	0	18.44	1	St Marks Pl & 2 Ave
68	39	18	9.37	1	St Marks Pl & 2 Ave
69	39	8	0	1	St Marks Pl & 2 Ave
70	39	12	0.11	1	St Marks Pl & 2 Ave
71	39	13	0	1	St Marks Pl & 2 Ave
72	39	22	16.89	1	St Marks Pl & 2 Ave
73	40	3	14.16	1	E 11 Street & 2 Avenue
74	40	2	13.55	1	E 11 Street & 2 Avenue
75	40	6	0.76	1	E 11 Street & 2 Avenue
76	40	20	28.59	1	E 11 Street & 2 Avenue
77	40	10	0.11	1	E 11 Street & 2 Avenue
78	40	7	0	1	E 11 Street & 2 Avenue
79	40	19	22.7	1	E 11 Street & 2 Avenue
80	40	21	25.22	1	E 11 Street & 2 Avenue
81	40	23	15.09	1	E 11 Street & 2 Avenue
82	40	18	5.29	1	E 11 Street & 2 Avenue
83	40	17	0.55	1	E 11 Street & 2 Avenue
84	40	8	0	1	E 11 Street & 2 Avenue
85	40	5	12.09	1	E 11 Street & 2 Avenue
86	40	9	0.11	1	E 11 Street & 2 Avenue
87	40	4	16.01	1	E 11 Street & 2 Avenue
88	40	11	0	1	E 11 Street & 2 Avenue
89	40	16	0	1	E 11 Street & 2 Avenue
90	40	14	0	1	E 11 Street & 2 Avenue
91	40	15	0	1	E 11 Street & 2 Avenue
92	40	1	11.05	1	E 11 Street & 2 Avenue
93	40	0	13.56	1	E 11 Street & 2 Avenue
94	40	22	20.61	1	E 11 Street & 2 Avenue
95	40	12	0	1	E 11 Street & 2 Avenue
96	40	13	0	1	E 11 Street & 2 Avenue
97	41	15	0	1	Bank St & Washington St
98	41	10	0	1	Bank St & Washington St
99	41	20	31.54	1	Bank St & Washington St
100	41	17	2.85	1	Bank St & Washington St
101	41	11	0.11	1	Bank St & Washington St
102	41	1	10.94	1	Bank St & Washington St
103	41	12	0	1	Bank St & Washington St
104	41	16	0	1	Bank St & Washington St
105	41	23	15.54	1	Bank St & Washington St
106	41	8	0	1	Bank St & Washington St
107	41	19	34.65	1	Bank St & Washington St
108	41	14	0.33	1	Bank St & Washington St
109	41	18	15.44	1	Bank St & Washington St
110	41	21	28.95	1	Bank St & Washington St
111	41	2	13.11	1	Bank St & Washington St
112	41	5	6.32	1	Bank St & Washington St
113	41	9	0.11	1	Bank St & Washington St
114	41	22	23.9	1	Bank St & Washington St
115	41	4	12.31	1	Bank St & Washington St
116	41	0	12.44	1	Bank St & Washington St
117	41	6	1.2	1	Bank St & Washington St
118	41	13	0.11	1	Bank St & Washington St
119	41	3	13.07	1	Bank St & Washington St
120	41	7	0	1	Bank St & Washington St
121	48	17	5.48	1	Perry St & Bleecker St
122	48	12	0.33	1	Perry St & Bleecker St
123	48	20	32.75	1	Perry St & Bleecker St
124	48	15	0.65	1	Perry St & Bleecker St
125	48	19	41.34	1	Perry St & Bleecker St
126	48	11	0	1	Perry St & Bleecker St
127	48	14	0	1	Perry St & Bleecker St
128	48	10	0	1	Perry St & Bleecker St
129	48	21	34.32	1	Perry St & Bleecker St
130	48	16	1.42	1	Perry St & Bleecker St
131	48	13	0.44	1	Perry St & Bleecker St
132	48	5	16.01	1	Perry St & Bleecker St
133	48	18	24.81	1	Perry St & Bleecker St
134	48	9	0	1	Perry St & Bleecker St
135	48	1	23.31	1	Perry St & Bleecker St
136	48	22	30.7	1	Perry St & Bleecker St
137	48	23	27.25	1	Perry St & Bleecker St
138	48	0	26	1	Perry St & Bleecker St
139	48	7	0.33	1	Perry St & Bleecker St
140	48	3	24.4	1	Perry St & Bleecker St
141	48	2	24.15	1	Perry St & Bleecker St
142	48	6	6.65	1	Perry St & Bleecker St
143	48	8	0.11	1	Perry St & Bleecker St
144	48	4	23.42	1	Perry St & Bleecker St
145	65	17	0.55	1	Avenue D & E 8 St
146	65	8	0.11	1	Avenue D & E 8 St
147	65	5	40.63	1	Avenue D & E 8 St
148	65	6	19.3	1	Avenue D & E 8 St
149	65	13	0.22	1	Avenue D & E 8 St
150	65	20	39.21	1	Avenue D & E 8 St
151	65	21	46.38	1	Avenue D & E 8 St
152	65	10	0	1	Avenue D & E 8 St
153	65	1	48.18	1	Avenue D & E 8 St
154	65	18	3.86	1	Avenue D & E 8 St
155	65	2	50.38	1	Avenue D & E 8 St
156	65	9	0	1	Avenue D & E 8 St
157	65	4	45.42	1	Avenue D & E 8 St
158	65	0	46.78	1	Avenue D & E 8 St
159	65	22	48.9	1	Avenue D & E 8 St
160	65	12	0	1	Avenue D & E 8 St
161	65	11	0	1	Avenue D & E 8 St
162	65	7	6.54	1	Avenue D & E 8 St
163	65	3	50.98	1	Avenue D & E 8 St
164	65	19	21.05	1	Avenue D & E 8 St
165	65	14	0	1	Avenue D & E 8 St
166	65	15	0.11	1	Avenue D & E 8 St
167	65	16	0.54	1	Avenue D & E 8 St
168	65	23	51.01	1	Avenue D & E 8 St
169	82	22	25.88	1	Madison St & Montgomery St
170	82	3	44.77	1	Madison St & Montgomery St
171	82	19	10.86	1	Madison St & Montgomery St
172	82	4	45.75	1	Madison St & Montgomery St
173	82	7	3.81	1	Madison St & Montgomery St
174	82	11	0	1	Madison St & Montgomery St
175	82	23	36.04	1	Madison St & Montgomery St
176	82	13	0	1	Madison St & Montgomery St
177	82	20	10.84	1	Madison St & Montgomery St
178	82	10	0	1	Madison St & Montgomery St
179	82	15	0	1	Madison St & Montgomery St
180	82	12	0	1	Madison St & Montgomery St
181	82	8	0.22	1	Madison St & Montgomery St
182	82	17	0.11	1	Madison St & Montgomery St
183	82	2	44.15	1	Madison St & Montgomery St
184	82	18	2.76	1	Madison St & Montgomery St
185	82	6	17.99	1	Madison St & Montgomery St
186	82	14	0	1	Madison St & Montgomery St
187	82	1	44.97	1	Madison St & Montgomery St
188	82	5	35.29	1	Madison St & Montgomery St
189	82	0	43.56	1	Madison St & Montgomery St
190	82	16	0	1	Madison St & Montgomery St
191	82	9	0	1	Madison St & Montgomery St
192	82	21	13.82	1	Madison St & Montgomery St
193	83	20	26.61	1	Lafayette St & E 8 St
194	83	23	25.88	1	Lafayette St & E 8 St
195	83	15	27.29	1	Lafayette St & E 8 St
196	83	3	25.96	1	Lafayette St & E 8 St
197	83	11	26.8	1	Lafayette St & E 8 St
198	83	4	25.96	1	Lafayette St & E 8 St
199	83	8	27.13	1	Lafayette St & E 8 St
200	83	7	26.76	1	Lafayette St & E 8 St
201	83	12	27.82	1	Lafayette St & E 8 St
202	83	19	26.81	1	Lafayette St & E 8 St
203	83	6	25.96	1	Lafayette St & E 8 St
204	83	0	26.47	1	Lafayette St & E 8 St
205	83	10	26.67	1	Lafayette St & E 8 St
206	83	16	26.92	1	Lafayette St & E 8 St
207	83	21	26.21	1	Lafayette St & E 8 St
208	83	13	27.23	1	Lafayette St & E 8 St
209	83	17	26.85	1	Lafayette St & E 8 St
210	83	2	25.96	1	Lafayette St & E 8 St
211	83	5	25.96	1	Lafayette St & E 8 St
212	83	9	27.3	1	Lafayette St & E 8 St
213	83	14	26.92	1	Lafayette St & E 8 St
214	83	1	26.26	1	Lafayette St & E 8 St
215	83	18	26.57	1	Lafayette St & E 8 St
216	83	22	26.21	1	Lafayette St & E 8 St
217	90	4	36.93	1	E 2 St & Avenue B
218	90	17	0.99	1	E 2 St & Avenue B
219	90	16	0.33	1	E 2 St & Avenue B
220	90	8	0.44	1	E 2 St & Avenue B
221	90	15	0	1	E 2 St & Avenue B
222	90	3	38.89	1	E 2 St & Avenue B
223	90	5	20.15	1	E 2 St & Avenue B
224	90	21	31.8	1	E 2 St & Avenue B
225	90	13	0	1	E 2 St & Avenue B
226	90	1	30.5	1	E 2 St & Avenue B
227	90	7	0	1	E 2 St & Avenue B
228	90	0	29.89	1	E 2 St & Avenue B
229	90	23	29.95	1	E 2 St & Avenue B
230	90	20	32.2	1	E 2 St & Avenue B
231	90	10	0	1	E 2 St & Avenue B
232	90	2	32.13	1	E 2 St & Avenue B
233	90	6	1.42	1	E 2 St & Avenue B
234	90	11	0	1	E 2 St & Avenue B
235	90	18	16.32	1	E 2 St & Avenue B
236	90	12	0	1	E 2 St & Avenue B
237	90	9	0	1	E 2 St & Avenue B
238	90	14	0	1	E 2 St & Avenue B
239	90	19	37.5	1	E 2 St & Avenue B
240	90	22	27.96	1	E 2 St & Avenue B
241	91	21	48.03	1	Avenue D & E 3 St
242	91	7	0.44	1	Avenue D & E 3 St
243	91	3	51.53	1	Avenue D & E 3 St
244	91	8	0	1	Avenue D & E 3 St
245	91	10	0	1	Avenue D & E 3 St
246	91	2	54.1	1	Avenue D & E 3 St
247	91	23	47.75	1	Avenue D & E 3 St
248	91	17	0	1	Avenue D & E 3 St
249	91	1	52.71	1	Avenue D & E 3 St
250	91	5	37.36	1	Avenue D & E 3 St
251	91	9	0	1	Avenue D & E 3 St
252	91	13	0	1	Avenue D & E 3 St
253	91	20	34.61	1	Avenue D & E 3 St
254	91	4	49.67	1	Avenue D & E 3 St
255	91	16	0	1	Avenue D & E 3 St
256	91	6	6.54	1	Avenue D & E 3 St
257	91	15	0	1	Avenue D & E 3 St
258	91	19	11.4	1	Avenue D & E 3 St
259	91	12	0	1	Avenue D & E 3 St
260	91	0	54	1	Avenue D & E 3 St
261	91	14	0	1	Avenue D & E 3 St
262	91	18	1.98	1	Avenue D & E 3 St
263	91	22	43.2	1	Avenue D & E 3 St
264	91	11	0	1	Avenue D & E 3 St
265	101	10	18.41	1	Allen St & E Houston St
266	101	22	31.25	1	Allen St & E Houston St
267	101	4	20.15	1	Allen St & E Houston St
268	101	3	21.02	1	Allen St & E Houston St
269	101	15	18.76	1	Allen St & E Houston St
270	101	23	28.27	1	Allen St & E Houston St
271	101	14	19.19	1	Allen St & E Houston St
272	101	20	40.31	1	Allen St & E Houston St
273	101	8	18.45	1	Allen St & E Houston St
274	101	7	18.74	1	Allen St & E Houston St
275	101	16	18.3	1	Allen St & E Houston St
276	101	6	19.96	1	Allen St & E Houston St
277	101	11	18.3	1	Allen St & E Houston St
278	101	2	24.15	1	Allen St & E Houston St
279	101	17	18.73	1	Allen St & E Houston St
280	101	5	18.52	1	Allen St & E Houston St
281	101	21	35.86	1	Allen St & E Houston St
282	101	19	39.04	1	Allen St & E Houston St
283	101	12	18.54	1	Allen St & E Houston St
284	101	0	25.33	1	Allen St & E Houston St
285	101	18	22.05	1	Allen St & E Houston St
286	101	13	18.95	1	Allen St & E Houston St
287	101	1	25.75	1	Allen St & E Houston St
288	101	9	18.85	1	Allen St & E Houston St
289	106	12	0	1	E 6 St & Avenue B
290	106	11	0	1	E 6 St & Avenue B
291	106	18	26.13	1	E 6 St & Avenue B
292	106	1	48.62	1	E 6 St & Avenue B
293	106	9	0	1	E 6 St & Avenue B
294	106	10	0	1	E 6 St & Avenue B
295	106	0	47.11	1	E 6 St & Avenue B
296	106	20	39.87	1	E 6 St & Avenue B
297	106	16	0	1	E 6 St & Avenue B
298	106	5	20.92	1	E 6 St & Avenue B
299	106	23	38.51	1	E 6 St & Avenue B
300	106	15	0	1	E 6 St & Avenue B
301	106	22	36.18	1	E 6 St & Avenue B
302	106	19	44.41	1	E 6 St & Avenue B
303	106	6	4.47	1	E 6 St & Avenue B
304	106	2	51.48	1	E 6 St & Avenue B
305	106	21	40.13	1	E 6 St & Avenue B
306	106	13	0	1	E 6 St & Avenue B
307	106	4	36.49	1	E 6 St & Avenue B
308	106	7	0.65	1	E 6 St & Avenue B
309	106	17	2.41	1	E 6 St & Avenue B
310	106	14	0	1	E 6 St & Avenue B
311	106	8	0	1	E 6 St & Avenue B
312	106	3	52.4	1	E 6 St & Avenue B
313	115	21	31.69	1	E 11 St & 1 Ave
314	115	1	25.86	1	E 11 St & 1 Ave
315	115	23	22.86	1	E 11 St & 1 Ave
316	115	9	0	1	E 11 St & 1 Ave
317	115	18	13.67	1	E 11 St & 1 Ave
318	115	13	0	1	E 11 St & 1 Ave
319	115	22	23.57	1	E 11 St & 1 Ave
320	115	17	0.77	1	E 11 St & 1 Ave
321	115	5	7.84	1	E 11 St & 1 Ave
322	115	15	0	1	E 11 St & 1 Ave
323	115	3	22.33	1	E 11 St & 1 Ave
324	115	14	0	1	E 11 St & 1 Ave
325	115	2	23.39	1	E 11 St & 1 Ave
326	115	10	0	1	E 11 St & 1 Ave
327	115	0	20.56	1	E 11 St & 1 Ave
328	115	16	0.11	1	E 11 St & 1 Ave
329	115	4	21.68	1	E 11 St & 1 Ave
330	115	20	32.97	1	E 11 St & 1 Ave
331	115	11	0	1	E 11 St & 1 Ave
332	115	7	0.87	1	E 11 St & 1 Ave
333	115	6	4.25	1	E 11 St & 1 Ave
334	115	19	33	1	E 11 St & 1 Ave
335	115	8	0	1	E 11 St & 1 Ave
336	115	12	0	1	E 11 St & 1 Ave
337	117	1	14.7	1	Watts St & Greenwich St
338	117	17	15.55	1	Watts St & Greenwich St
339	117	18	13.1	1	Watts St & Greenwich St
340	117	21	16.23	1	Watts St & Greenwich St
341	117	14	21.3	1	Watts St & Greenwich St
342	117	2	14.75	1	Watts St & Greenwich St
343	117	9	26.8	1	Watts St & Greenwich St
344	117	13	20.72	1	Watts St & Greenwich St
345	117	23	17.34	1	Watts St & Greenwich St
346	117	19	13.91	1	Watts St & Greenwich St
347	117	10	28.54	1	Watts St & Greenwich St
348	117	15	20.2	1	Watts St & Greenwich St
349	117	22	16.45	1	Watts St & Greenwich St
350	117	6	15.27	1	Watts St & Greenwich St
351	117	4	14.81	1	Watts St & Greenwich St
352	117	5	14.49	1	Watts St & Greenwich St
353	117	3	15.03	1	Watts St & Greenwich St
354	117	16	20.61	1	Watts St & Greenwich St
355	117	12	19.54	1	Watts St & Greenwich St
356	117	0	16.11	1	Watts St & Greenwich St
357	117	8	21.29	1	Watts St & Greenwich St
358	117	7	16.12	1	Watts St & Greenwich St
359	117	11	24.29	1	Watts St & Greenwich St
360	117	20	16.54	1	Watts St & Greenwich St
361	121	7	1.2	1	Cherry St
362	121	22	28.4	1	Cherry St
363	121	5	23.09	1	Cherry St
364	121	18	7.28	1	Cherry St
365	121	6	12.76	1	Cherry St
366	121	8	0	1	Cherry St
367	121	17	0.44	1	Cherry St
368	121	20	23	1	Cherry St
369	121	19	22.59	1	Cherry St
370	121	11	0	1	Cherry St
371	121	15	0.11	1	Cherry St
372	121	23	33	1	Cherry St
373	121	3	39.43	1	Cherry St
374	121	14	0	1	Cherry St
375	121	10	0	1	Cherry St
376	121	13	0	1	Cherry St
377	121	9	0	1	Cherry St
378	121	21	25.44	1	Cherry St
379	121	1	39.34	1	Cherry St
380	121	12	0	1	Cherry St
381	121	16	0	1	Cherry St
382	121	0	38	1	Cherry St
383	121	2	40.11	1	Cherry St
384	121	4	33.88	1	Cherry St
385	126	17	0.66	1	Avenue D & E 12 St
386	126	12	0.44	1	Avenue D & E 12 St
387	126	2	28.63	1	Avenue D & E 12 St
388	126	18	1.65	1	Avenue D & E 12 St
389	126	20	14.46	1	Avenue D & E 12 St
390	126	8	1.42	1	Avenue D & E 12 St
391	126	21	23.14	1	Avenue D & E 12 St
392	126	9	0	1	Avenue D & E 12 St
393	126	7	14.81	1	Avenue D & E 12 St
394	126	23	28.15	1	Avenue D & E 12 St
395	126	4	31.37	1	Avenue D & E 12 St
396	126	16	0.22	1	Avenue D & E 12 St
397	126	15	0.33	1	Avenue D & E 12 St
398	126	1	29.83	1	Avenue D & E 12 St
399	126	22	27.19	1	Avenue D & E 12 St
400	126	14	0.44	1	Avenue D & E 12 St
401	126	5	29.63	1	Avenue D & E 12 St
402	126	0	27.78	1	Avenue D & E 12 St
403	126	11	0	1	Avenue D & E 12 St
404	126	13	0.11	1	Avenue D & E 12 St
405	126	19	5.26	1	Avenue D & E 12 St
406	126	3	30.39	1	Avenue D & E 12 St
407	126	6	26.83	1	Avenue D & E 12 St
408	126	10	0	1	Avenue D & E 12 St
409	127	20	5.7	1	Madison St & Clinton St
410	127	21	13.6	1	Madison St & Clinton St
411	127	7	0.33	1	Madison St & Clinton St
412	127	8	0.76	1	Madison St & Clinton St
413	127	12	0	1	Madison St & Clinton St
414	127	17	0.22	1	Madison St & Clinton St
415	127	9	0.44	1	Madison St & Clinton St
416	127	0	37.33	1	Madison St & Clinton St
417	127	14	0.11	1	Madison St & Clinton St
418	127	6	0.22	1	Madison St & Clinton St
419	127	16	0	1	Madison St & Clinton St
420	127	18	0.55	1	Madison St & Clinton St
421	127	4	37.91	1	Madison St & Clinton St
422	127	13	0	1	Madison St & Clinton St
423	127	10	0	1	Madison St & Clinton St
424	127	5	6.32	1	Madison St & Clinton St
425	127	1	41.88	1	Madison St & Clinton St
426	127	23	32.21	1	Madison St & Clinton St
427	127	2	45.03	1	Madison St & Clinton St
428	127	11	0	1	Madison St & Clinton St
429	127	15	0	1	Madison St & Clinton St
430	127	22	23.36	1	Madison St & Clinton St
431	127	19	5.04	1	Madison St & Clinton St
432	127	3	43.36	1	Madison St & Clinton St
433	128	8	4.91	1	Stanton St & Mangin St
434	128	16	0	1	Stanton St & Mangin St
435	128	22	20.83	1	Stanton St & Mangin St
436	128	12	0.65	1	Stanton St & Mangin St
437	128	17	0.55	1	Stanton St & Mangin St
438	128	20	23.88	1	Stanton St & Mangin St
439	128	1	34.14	1	Stanton St & Mangin St
440	128	21	19.3	1	Stanton St & Mangin St
441	128	19	13.6	1	Stanton St & Mangin St
442	128	9	4.25	1	Stanton St & Mangin St
443	128	7	11.87	1	Stanton St & Mangin St
444	128	4	37.91	1	Stanton St & Mangin St
445	128	14	0.44	1	Stanton St & Mangin St
446	128	2	38.25	1	Stanton St & Mangin St
447	128	18	4.63	1	Stanton St & Mangin St
448	128	0	31.11	1	Stanton St & Mangin St
449	128	13	0.65	1	Stanton St & Mangin St
450	128	6	29.77	1	Stanton St & Mangin St
451	128	5	32.57	1	Stanton St & Mangin St
452	128	15	0	1	Stanton St & Mangin St
453	128	23	29.28	1	Stanton St & Mangin St
454	128	10	1.09	1	Stanton St & Mangin St
455	128	11	0.65	1	Stanton St & Mangin St
456	128	3	39.22	1	Stanton St & Mangin St
457	129	20	17.74	1	Columbia St & Rivington St
458	129	4	36.06	1	Columbia St & Rivington St
459	129	12	0	1	Columbia St & Rivington St
460	129	18	2.87	1	Columbia St & Rivington St
461	129	8	0	1	Columbia St & Rivington St
462	129	23	35.25	1	Columbia St & Rivington St
463	129	21	30.48	1	Columbia St & Rivington St
464	129	9	0	1	Columbia St & Rivington St
465	129	15	0.44	1	Columbia St & Rivington St
466	129	1	38.45	1	Columbia St & Rivington St
467	129	13	0.44	1	Columbia St & Rivington St
468	129	17	0.88	1	Columbia St & Rivington St
469	129	5	20.04	1	Columbia St & Rivington St
470	129	7	0.33	1	Columbia St & Rivington St
471	129	22	34.32	1	Columbia St & Rivington St
472	129	14	0.11	1	Columbia St & Rivington St
473	129	16	0.11	1	Columbia St & Rivington St
474	129	3	41.07	1	Columbia St & Rivington St
475	129	0	38	1	Columbia St & Rivington St
476	129	2	41.2	1	Columbia St & Rivington St
477	129	10	0	1	Columbia St & Rivington St
478	129	11	0.22	1	Columbia St & Rivington St
479	129	19	10.09	1	Columbia St & Rivington St
480	129	6	6.87	1	Columbia St & Rivington St
481	133	22	26.64	1	Bank St & Hudson St
482	133	17	2.63	1	Bank St & Hudson St
483	133	5	3.38	1	Bank St & Hudson St
484	133	18	19.85	1	Bank St & Hudson St
485	133	4	5.77	1	Bank St & Hudson St
486	133	10	0	1	Bank St & Hudson St
487	133	12	0	1	Bank St & Hudson St
488	133	9	0.44	1	Bank St & Hudson St
489	133	7	0.33	1	Bank St & Hudson St
490	133	16	1.2	1	Bank St & Hudson St
491	133	11	0.22	1	Bank St & Hudson St
492	133	15	0.11	1	Bank St & Hudson St
493	133	6	0	1	Bank St & Hudson St
494	133	2	9.07	1	Bank St & Hudson St
495	133	14	0.33	1	Bank St & Hudson St
496	133	0	17.89	1	Bank St & Hudson St
497	133	13	0.54	1	Bank St & Hudson St
498	133	1	11.93	1	Bank St & Hudson St
499	133	21	36.4	1	Bank St & Hudson St
500	133	3	7.3	1	Bank St & Hudson St
501	133	20	35.82	1	Bank St & Hudson St
502	133	8	0.33	1	Bank St & Hudson St
503	133	19	39.58	1	Bank St & Hudson St
504	133	23	24.77	1	Bank St & Hudson St
505	136	7	3.7	1	Rivington St and Ridge St
506	136	19	4.82	1	Rivington St and Ridge St
507	136	23	31.64	1	Rivington St and Ridge St
508	136	22	22.7	1	Rivington St and Ridge St
509	136	11	0	1	Rivington St and Ridge St
510	136	8	4.69	1	Rivington St and Ridge St
511	136	9	0.22	1	Rivington St and Ridge St
512	136	16	0	1	Rivington St and Ridge St
513	136	3	35.95	1	Rivington St and Ridge St
514	136	12	0	1	Rivington St and Ridge St
515	136	20	11.94	1	Rivington St and Ridge St
516	136	15	0	1	Rivington St and Ridge St
517	136	4	36.71	1	Rivington St and Ridge St
518	136	5	21.02	1	Rivington St and Ridge St
519	136	2	37.16	1	Rivington St and Ridge St
520	136	10	0.22	1	Rivington St and Ridge St
521	136	0	33.78	1	Rivington St and Ridge St
522	136	13	0	1	Rivington St and Ridge St
523	136	17	0	1	Rivington St and Ridge St
524	136	1	36.02	1	Rivington St and Ridge St
525	136	14	0	1	Rivington St and Ridge St
526	136	6	4.8	1	Rivington St and Ridge St
527	136	18	1.32	1	Rivington St and Ridge St
528	136	21	19.41	1	Rivington St and Ridge St
529	137	23	34.46	1	Clinton St & Grand St
530	137	7	1.42	1	Clinton St & Grand St
531	137	19	8.11	1	Clinton St & Grand St
532	137	12	0	1	Clinton St & Grand St
533	137	9	0	1	Clinton St & Grand St
534	137	3	38.67	1	Clinton St & Grand St
535	137	5	31.81	1	Clinton St & Grand St
536	137	2	40.11	1	Clinton St & Grand St
537	137	16	0	1	Clinton St & Grand St
538	137	11	0	1	Clinton St & Grand St
539	137	8	0	1	Clinton St & Grand St
540	137	4	37.04	1	Clinton St & Grand St
541	137	18	1.76	1	Clinton St & Grand St
542	137	20	14.46	1	Clinton St & Grand St
543	137	15	0	1	Clinton St & Grand St
544	137	21	21.71	1	Clinton St & Grand St
545	137	13	0	1	Clinton St & Grand St
546	137	22	27.3	1	Clinton St & Grand St
547	137	0	35	1	Clinton St & Grand St
548	137	10	0	1	Clinton St & Grand St
549	137	14	0	1	Clinton St & Grand St
550	137	17	0.11	1	Clinton St & Grand St
551	137	1	40.44	1	Clinton St & Grand St
552	137	6	12.21	1	Clinton St & Grand St
553	139	7	22.22	1	W 56 St & 6 Ave
554	139	8	38.43	1	W 56 St & 6 Ave
555	139	9	40.09	1	W 56 St & 6 Ave
556	139	23	20.27	1	W 56 St & 6 Ave
557	139	3	20.26	1	W 56 St & 6 Ave
558	139	12	25.95	1	W 56 St & 6 Ave
559	139	11	33.12	1	W 56 St & 6 Ave
560	139	0	20	1	W 56 St & 6 Ave
561	139	19	19.85	1	W 56 St & 6 Ave
562	139	15	21.48	1	W 56 St & 6 Ave
563	139	20	20.26	1	W 56 St & 6 Ave
564	139	10	40.41	1	W 56 St & 6 Ave
565	139	4	20.26	1	W 56 St & 6 Ave
566	139	5	20.26	1	W 56 St & 6 Ave
567	139	22	20.39	1	W 56 St & 6 Ave
568	139	1	19.89	1	W 56 St & 6 Ave
569	139	13	24.18	1	W 56 St & 6 Ave
570	139	2	20	1	W 56 St & 6 Ave
571	139	16	20.37	1	W 56 St & 6 Ave
572	139	14	22.79	1	W 56 St & 6 Ave
573	139	17	19.93	1	W 56 St & 6 Ave
574	139	18	19.4	1	W 56 St & 6 Ave
575	139	21	20.39	1	W 56 St & 6 Ave
576	139	6	20.28	1	W 56 St & 6 Ave
577	143	8	6.77	1	Bialystoker Pl & Delancey St
578	143	19	5.81	1	Bialystoker Pl & Delancey St
579	143	5	19.17	1	Bialystoker Pl & Delancey St
580	143	20	4.93	1	Bialystoker Pl & Delancey St
581	143	11	0.22	1	Bialystoker Pl & Delancey St
582	143	15	0	1	Bialystoker Pl & Delancey St
583	143	13	0.22	1	Bialystoker Pl & Delancey St
584	143	9	1.42	1	Bialystoker Pl & Delancey St
585	143	1	26.08	1	Bialystoker Pl & Delancey St
586	143	4	17.97	1	Bialystoker Pl & Delancey St
587	143	3	21.24	1	Bialystoker Pl & Delancey St
588	143	12	0.11	1	Bialystoker Pl & Delancey St
589	143	16	0.33	1	Bialystoker Pl & Delancey St
590	143	23	11.49	1	Bialystoker Pl & Delancey St
591	143	14	0	1	Bialystoker Pl & Delancey St
592	143	2	26.12	1	Bialystoker Pl & Delancey St
593	143	10	0.44	1	Bialystoker Pl & Delancey St
594	143	0	21.56	1	Bialystoker Pl & Delancey St
595	143	21	6.69	1	Bialystoker Pl & Delancey St
596	143	17	0.44	1	Bialystoker Pl & Delancey St
597	143	18	4.08	1	Bialystoker Pl & Delancey St
598	143	22	10.2	1	Bialystoker Pl & Delancey St
599	143	7	14.05	1	Bialystoker Pl & Delancey St
600	143	6	17.99	1	Bialystoker Pl & Delancey St
601	145	5	9.69	1	Christopher St & Greenwich St
602	145	20	23.66	1	Christopher St & Greenwich St
603	145	1	19.01	1	Christopher St & Greenwich St
604	145	19	31.25	1	Christopher St & Greenwich St
605	145	9	0	1	Christopher St & Greenwich St
606	145	16	4.25	1	Christopher St & Greenwich St
607	145	21	21.05	1	Christopher St & Greenwich St
608	145	13	0.22	1	Christopher St & Greenwich St
609	145	15	1.74	1	Christopher St & Greenwich St
610	145	3	15.47	1	Christopher St & Greenwich St
611	145	11	0	1	Christopher St & Greenwich St
612	145	4	11.66	1	Christopher St & Greenwich St
613	145	18	21.5	1	Christopher St & Greenwich St
614	145	2	17.81	1	Christopher St & Greenwich St
615	145	6	2.18	1	Christopher St & Greenwich St
616	145	14	0.87	1	Christopher St & Greenwich St
617	145	17	11.06	1	Christopher St & Greenwich St
618	145	10	0.44	1	Christopher St & Greenwich St
619	145	22	19.52	1	Christopher St & Greenwich St
620	145	23	20.05	1	Christopher St & Greenwich St
621	145	0	21.33	1	Christopher St & Greenwich St
622	145	12	0	1	Christopher St & Greenwich St
623	145	8	0	1	Christopher St & Greenwich St
624	145	7	0	1	Christopher St & Greenwich St
625	175	18	2.98	1	E 5 St & Avenue C
626	175	19	25.55	1	E 5 St & Avenue C
627	175	14	0	1	E 5 St & Avenue C
628	175	2	44.37	1	E 5 St & Avenue C
629	175	1	40.55	1	E 5 St & Avenue C
630	175	17	0	1	E 5 St & Avenue C
631	175	11	0	1	E 5 St & Avenue C
632	175	3	45.53	1	E 5 St & Avenue C
633	175	6	7.52	1	E 5 St & Avenue C
634	175	23	31.53	1	E 5 St & Avenue C
635	175	7	1.31	1	E 5 St & Avenue C
636	175	5	30.94	1	E 5 St & Avenue C
637	175	15	0	1	E 5 St & Avenue C
638	175	9	0	1	E 5 St & Avenue C
639	175	13	0	1	E 5 St & Avenue C
640	175	12	0	1	E 5 St & Avenue C
641	175	22	28.73	1	E 5 St & Avenue C
642	175	4	41.61	1	E 5 St & Avenue C
643	175	0	33.33	1	E 5 St & Avenue C
644	175	8	0.76	1	E 5 St & Avenue C
645	175	20	29.79	1	E 5 St & Avenue C
646	175	21	31.03	1	E 5 St & Avenue C
647	175	10	0.44	1	E 5 St & Avenue C
648	175	16	0	1	E 5 St & Avenue C
649	176	15	0	1	E 9 St & Avenue C
650	176	11	0.33	1	E 9 St & Avenue C
651	176	3	34.31	1	E 9 St & Avenue C
652	176	22	14.69	1	E 9 St & Avenue C
653	176	13	0.11	1	E 9 St & Avenue C
654	176	18	13.45	1	E 9 St & Avenue C
655	176	5	16.34	1	E 9 St & Avenue C
656	176	2	32.02	1	E 9 St & Avenue C
657	176	16	0.11	1	E 9 St & Avenue C
658	176	1	24.31	1	E 9 St & Avenue C
659	176	4	30.17	1	E 9 St & Avenue C
660	176	0	23.56	1	E 9 St & Avenue C
661	176	20	23.88	1	E 9 St & Avenue C
662	176	8	0.11	1	E 9 St & Avenue C
663	176	19	34.1	1	E 9 St & Avenue C
664	176	23	17	1	E 9 St & Avenue C
665	176	17	1.42	1	E 9 St & Avenue C
666	176	14	0	1	E 9 St & Avenue C
667	176	7	0.11	1	E 9 St & Avenue C
668	176	6	0.44	1	E 9 St & Avenue C
669	176	12	0	1	E 9 St & Avenue C
670	176	21	22.37	1	E 9 St & Avenue C
671	176	9	0	1	E 9 St & Avenue C
672	176	10	0	1	E 9 St & Avenue C
673	182	14	0.22	1	Pitt St & Stanton St
674	182	3	62.96	1	Pitt St & Stanton St
675	182	16	0.33	1	Pitt St & Stanton St
676	182	8	12.88	1	Pitt St & Stanton St
677	182	20	25.08	1	Pitt St & Stanton St
678	182	15	0.55	1	Pitt St & Stanton St
679	182	0	61.67	1	Pitt St & Stanton St
680	182	7	26.47	1	Pitt St & Stanton St
681	182	18	3.2	1	Pitt St & Stanton St
682	182	19	13.16	1	Pitt St & Stanton St
683	182	10	0	1	Pitt St & Stanton St
684	182	17	0.55	1	Pitt St & Stanton St
685	182	1	61.99	1	Pitt St & Stanton St
686	182	5	60.57	1	Pitt St & Stanton St
687	182	9	0.44	1	Pitt St & Stanton St
688	182	21	46.27	1	Pitt St & Stanton St
689	182	4	62.53	1	Pitt St & Stanton St
690	182	12	0	1	Pitt St & Stanton St
691	182	2	60.66	1	Pitt St & Stanton St
692	182	23	58.45	1	Pitt St & Stanton St
693	182	11	0	1	Pitt St & Stanton St
694	182	13	0	1	Pitt St & Stanton St
695	182	6	50.49	1	Pitt St & Stanton St
696	182	22	53.18	1	Pitt St & Stanton St
697	183	8	18.34	1	Allen St & Rivington St
698	183	20	26.18	1	Allen St & Rivington St
699	183	7	18.85	1	Allen St & Rivington St
700	183	1	30.17	1	Allen St & Rivington St
701	183	10	18.3	1	Allen St & Rivington St
702	183	13	19.28	1	Allen St & Rivington St
703	183	4	26.36	1	Allen St & Rivington St
704	183	5	24.51	1	Allen St & Rivington St
705	183	16	18.95	1	Allen St & Rivington St
706	183	19	23.03	1	Allen St & Rivington St
707	183	11	18.95	1	Allen St & Rivington St
708	183	0	30.44	1	Allen St & Rivington St
709	183	15	19.19	1	Allen St & Rivington St
710	183	6	21.59	1	Allen St & Rivington St
711	183	14	19.08	1	Allen St & Rivington St
712	183	17	18.73	1	Allen St & Rivington St
713	183	23	30.63	1	Allen St & Rivington St
714	183	9	18.3	1	Allen St & Rivington St
715	183	21	28.95	1	Allen St & Rivington St
716	183	3	27.23	1	Allen St & Rivington St
717	183	18	19.51	1	Allen St & Rivington St
718	183	12	19.08	1	Allen St & Rivington St
719	183	2	29.18	1	Allen St & Rivington St
720	183	22	29.82	1	Allen St & Rivington St
721	190	20	17.74	1	Market St & Cherry St
722	190	10	0	1	Market St & Cherry St
723	190	4	29.85	1	Market St & Cherry St
724	190	5	29.52	1	Market St & Cherry St
725	190	6	23.45	1	Market St & Cherry St
726	190	8	0.98	1	Market St & Cherry St
727	190	7	5.34	1	Market St & Cherry St
728	190	0	25.78	1	Market St & Cherry St
729	190	12	0	1	Market St & Cherry St
730	190	2	27.43	1	Market St & Cherry St
731	190	14	0	1	Market St & Cherry St
732	190	1	27.62	1	Market St & Cherry St
733	190	22	13.6	1	Market St & Cherry St
734	190	9	0	1	Market St & Cherry St
735	190	21	18.09	1	Market St & Cherry St
736	190	11	0	1	Market St & Cherry St
737	190	23	16.22	1	Market St & Cherry St
738	190	16	0	1	Market St & Cherry St
739	190	15	0	1	Market St & Cherry St
740	190	17	1.1	1	Market St & Cherry St
741	190	18	6.5	1	Market St & Cherry St
742	190	19	15.57	1	Market St & Cherry St
743	190	13	0	1	Market St & Cherry St
744	190	3	29.63	1	Market St & Cherry St
745	192	12	0	1	Suffolk St & Stanton St
746	192	21	29.17	1	Suffolk St & Stanton St
747	192	19	20.07	1	Suffolk St & Stanton St
748	192	10	0	1	Suffolk St & Stanton St
749	192	8	1.2	1	Suffolk St & Stanton St
750	192	1	31.38	1	Suffolk St & Stanton St
751	192	5	23.09	1	Suffolk St & Stanton St
752	192	16	0	1	Suffolk St & Stanton St
753	192	17	0	1	Suffolk St & Stanton St
754	192	4	30.72	1	Suffolk St & Stanton St
755	192	20	27.93	1	Suffolk St & Stanton St
756	192	15	0	1	Suffolk St & Stanton St
757	192	6	12.43	1	Suffolk St & Stanton St
758	192	14	0	1	Suffolk St & Stanton St
759	192	18	4.08	1	Suffolk St & Stanton St
760	192	22	30.04	1	Suffolk St & Stanton St
761	192	3	33.99	1	Suffolk St & Stanton St
762	192	13	0	1	Suffolk St & Stanton St
763	192	7	2.18	1	Suffolk St & Stanton St
764	192	0	26.22	1	Suffolk St & Stanton St
765	192	2	32.68	1	Suffolk St & Stanton St
766	192	23	27.14	1	Suffolk St & Stanton St
767	192	9	0	1	Suffolk St & Stanton St
768	192	11	0	1	Suffolk St & Stanton St
769	193	8	1.09	1	E 6 St & Avenue D
770	193	21	35.96	1	E 6 St & Avenue D
771	193	20	23	1	E 6 St & Avenue D
772	193	6	9.38	1	E 6 St & Avenue D
773	193	23	43.58	1	E 6 St & Avenue D
774	193	12	0	1	E 6 St & Avenue D
775	193	9	0.22	1	E 6 St & Avenue D
776	193	10	0	1	E 6 St & Avenue D
777	193	1	53.48	1	E 6 St & Avenue D
778	193	0	49.78	1	E 6 St & Avenue D
779	193	16	0	1	E 6 St & Avenue D
780	193	17	0.22	1	E 6 St & Avenue D
781	193	4	14.27	1	E 6 St & Avenue D
782	193	3	34.1	1	E 6 St & Avenue D
783	193	19	23.68	1	E 6 St & Avenue D
784	193	2	56.17	1	E 6 St & Avenue D
785	193	14	0	1	E 6 St & Avenue D
786	193	18	4.63	1	E 6 St & Avenue D
787	193	5	14.6	1	E 6 St & Avenue D
788	193	15	0	1	E 6 St & Avenue D
789	193	13	0	1	E 6 St & Avenue D
790	193	11	0	1	E 6 St & Avenue D
791	193	22	37.61	1	E 6 St & Avenue D
792	193	7	6.54	1	E 6 St & Avenue D
793	210	19	12.61	1	E 7 St & Avenue A
794	210	7	11.76	1	E 7 St & Avenue A
795	210	23	20.27	1	E 7 St & Avenue A
796	210	11	12.2	1	E 7 St & Avenue A
797	210	3	34.1	1	E 7 St & Avenue A
798	210	21	13.82	1	E 7 St & Avenue A
799	210	12	11.67	1	E 7 St & Avenue A
800	210	16	11.11	1	E 7 St & Avenue A
801	210	8	12.12	1	E 7 St & Avenue A
802	210	20	13.58	1	E 7 St & Avenue A
803	210	15	11.45	1	E 7 St & Avenue A
804	210	10	12.09	1	E 7 St & Avenue A
805	210	9	11.76	1	E 7 St & Avenue A
806	210	17	11.5	1	E 7 St & Avenue A
807	210	1	33.81	1	E 7 St & Avenue A
808	210	5	22.22	1	E 7 St & Avenue A
809	210	6	11.67	1	E 7 St & Avenue A
810	210	14	11.34	1	E 7 St & Avenue A
811	210	4	31.05	1	E 7 St & Avenue A
812	210	0	28.22	1	E 7 St & Avenue A
813	210	2	32.79	1	E 7 St & Avenue A
814	210	18	29.33	1	E 7 St & Avenue A
815	210	22	14.25	1	E 7 St & Avenue A
816	210	13	11.44	1	E 7 St & Avenue A
817	211	19	27.96	1	E 13 St & Avenue A
818	211	7	0.54	1	E 13 St & Avenue A
819	211	23	30.07	1	E 13 St & Avenue A
820	211	3	33.01	1	E 13 St & Avenue A
821	211	12	0.33	1	E 13 St & Avenue A
822	211	5	20.48	1	E 13 St & Avenue A
823	211	11	0.76	1	E 13 St & Avenue A
824	211	8	0	1	E 13 St & Avenue A
825	211	21	32.13	1	E 13 St & Avenue A
826	211	0	32.89	1	E 13 St & Avenue A
827	211	16	0.11	1	E 13 St & Avenue A
828	211	14	0.44	1	E 13 St & Avenue A
829	211	20	24.21	1	E 13 St & Avenue A
830	211	15	0	1	E 13 St & Avenue A
831	211	10	0.44	1	E 13 St & Avenue A
832	211	9	0.11	1	E 13 St & Avenue A
833	211	17	1.31	1	E 13 St & Avenue A
834	211	1	32.6	1	E 13 St & Avenue A
835	211	22	30.48	1	E 13 St & Avenue A
836	211	6	5.23	1	E 13 St & Avenue A
837	211	4	28.98	1	E 13 St & Avenue A
838	211	2	37.6	1	E 13 St & Avenue A
839	211	18	11.14	1	E 13 St & Avenue A
840	211	13	0.54	1	E 13 St & Avenue A
841	216	19	44.52	1	St Marks Pl & 1 Ave
842	216	18	16.76	1	St Marks Pl & 1 Ave
843	216	12	0.44	1	St Marks Pl & 1 Ave
844	216	11	0.22	1	St Marks Pl & 1 Ave
845	216	10	0.11	1	St Marks Pl & 1 Ave
846	216	21	30.81	1	St Marks Pl & 1 Ave
847	216	16	1.2	1	St Marks Pl & 1 Ave
848	216	17	2.74	1	St Marks Pl & 1 Ave
849	216	20	39.54	1	St Marks Pl & 1 Ave
850	216	15	0.55	1	St Marks Pl & 1 Ave
851	216	0	25.67	1	St Marks Pl & 1 Ave
852	216	7	0	1	St Marks Pl & 1 Ave
853	216	14	0.22	1	St Marks Pl & 1 Ave
854	216	2	25.79	1	St Marks Pl & 1 Ave
855	216	22	25.55	1	St Marks Pl & 1 Ave
856	216	9	0	1	St Marks Pl & 1 Ave
857	216	13	0.33	1	St Marks Pl & 1 Ave
858	216	1	24.53	1	St Marks Pl & 1 Ave
859	216	6	2.18	1	St Marks Pl & 1 Ave
860	216	4	28.98	1	St Marks Pl & 1 Ave
861	216	3	31.59	1	St Marks Pl & 1 Ave
862	216	23	20.27	1	St Marks Pl & 1 Ave
863	216	5	13.83	1	St Marks Pl & 1 Ave
864	216	8	0	1	St Marks Pl & 1 Ave
865	220	18	21.28	1	W 27 St & 7 Ave
866	220	3	20.26	1	W 27 St & 7 Ave
867	220	7	20.92	1	W 27 St & 7 Ave
868	220	2	20.33	1	W 27 St & 7 Ave
869	220	10	21.46	1	W 27 St & 7 Ave
870	220	15	21.16	1	W 27 St & 7 Ave
871	220	19	21.05	1	W 27 St & 7 Ave
872	220	22	20.39	1	W 27 St & 7 Ave
873	220	21	20.39	1	W 27 St & 7 Ave
874	220	14	21.16	1	W 27 St & 7 Ave
875	220	11	21.24	1	W 27 St & 7 Ave
876	220	6	20.94	1	W 27 St & 7 Ave
877	220	20	20.7	1	W 27 St & 7 Ave
878	220	12	21.37	1	W 27 St & 7 Ave
879	220	5	20.26	1	W 27 St & 7 Ave
880	220	23	20.72	1	W 27 St & 7 Ave
881	220	8	20.96	1	W 27 St & 7 Ave
882	220	1	20.55	1	W 27 St & 7 Ave
883	220	0	20.67	1	W 27 St & 7 Ave
884	220	16	21.24	1	W 27 St & 7 Ave
885	220	9	21.13	1	W 27 St & 7 Ave
886	220	4	20.26	1	W 27 St & 7 Ave
887	220	13	21.57	1	W 27 St & 7 Ave
888	220	17	21.47	1	W 27 St & 7 Ave
889	223	18	22.05	1	E 10 St & Avenue A
890	223	7	0	1	E 10 St & Avenue A
891	223	19	31.91	1	E 10 St & Avenue A
892	223	3	38.67	1	E 10 St & Avenue A
893	223	6	2.94	1	E 10 St & Avenue A
894	223	15	0.11	1	E 10 St & Avenue A
895	223	12	0.11	1	E 10 St & Avenue A
896	223	2	43.39	1	E 10 St & Avenue A
897	223	10	0.44	1	E 10 St & Avenue A
898	223	23	34.01	1	E 10 St & Avenue A
899	223	21	25.33	1	E 10 St & Avenue A
900	223	11	0.54	1	E 10 St & Avenue A
901	223	22	25.88	1	E 10 St & Avenue A
902	223	8	0	1	E 10 St & Avenue A
903	223	20	24.42	1	E 10 St & Avenue A
904	223	14	0.33	1	E 10 St & Avenue A
905	223	16	0	1	E 10 St & Avenue A
906	223	9	0.11	1	E 10 St & Avenue A
907	223	17	2.08	1	E 10 St & Avenue A
908	223	0	38	1	E 10 St & Avenue A
909	223	5	29.08	1	E 10 St & Avenue A
910	223	1	43.2	1	E 10 St & Avenue A
911	223	4	36.49	1	E 10 St & Avenue A
912	223	13	0	1	E 10 St & Avenue A
913	226	23	22.97	1	W 37 St & 10 Ave
914	226	10	12.42	1	W 37 St & 10 Ave
915	226	15	12.54	1	W 37 St & 10 Ave
916	226	19	13.93	1	W 37 St & 10 Ave
917	226	3	27.78	1	W 37 St & 10 Ave
918	226	8	12.23	1	W 37 St & 10 Ave
919	226	11	12.42	1	W 37 St & 10 Ave
920	226	6	13.63	1	W 37 St & 10 Ave
921	226	2	26.78	1	W 37 St & 10 Ave
922	226	14	12.54	1	W 37 St & 10 Ave
923	226	12	12.43	1	W 37 St & 10 Ave
924	226	4	26.8	1	W 37 St & 10 Ave
925	226	5	21.68	1	W 37 St & 10 Ave
926	226	21	17.43	1	W 37 St & 10 Ave
927	226	7	11.87	1	W 37 St & 10 Ave
928	226	0	26.67	1	W 37 St & 10 Ave
929	226	16	11.76	1	W 37 St & 10 Ave
930	226	20	14.9	1	W 37 St & 10 Ave
931	226	17	11.61	1	W 37 St & 10 Ave
932	226	18	12.02	1	W 37 St & 10 Ave
933	226	1	27.51	1	W 37 St & 10 Ave
934	226	22	22.48	1	W 37 St & 10 Ave
935	226	13	12.42	1	W 37 St & 10 Ave
936	226	9	12.42	1	W 37 St & 10 Ave
937	229	16	5.56	1	W 22 St & 8 Ave
938	229	15	5.56	1	W 22 St & 8 Ave
939	229	11	4.58	1	W 22 St & 8 Ave
940	229	23	19.03	1	W 22 St & 8 Ave
941	229	0	18.78	1	W 22 St & 8 Ave
942	229	1	17.9	1	W 22 St & 8 Ave
943	229	13	5.45	1	W 22 St & 8 Ave
944	229	6	5.67	1	W 22 St & 8 Ave
945	229	9	4.58	1	W 22 St & 8 Ave
946	229	17	7.56	1	W 22 St & 8 Ave
947	229	21	18.86	1	W 22 St & 8 Ave
948	229	5	10.13	1	W 22 St & 8 Ave
949	229	19	24.23	1	W 22 St & 8 Ave
950	229	12	4.91	1	W 22 St & 8 Ave
951	229	20	18.07	1	W 22 St & 8 Ave
952	229	8	4.69	1	W 22 St & 8 Ave
953	229	10	4.58	1	W 22 St & 8 Ave
954	229	2	19.23	1	W 22 St & 8 Ave
955	229	7	4.58	1	W 22 St & 8 Ave
956	229	14	5.23	1	W 22 St & 8 Ave
957	229	4	18.41	1	W 22 St & 8 Ave
958	229	22	17.21	1	W 22 St & 8 Ave
959	229	3	21.46	1	W 22 St & 8 Ave
960	229	18	18.52	1	W 22 St & 8 Ave
961	241	21	21.05	1	Broadway & W 41 St
962	241	22	21.05	1	Broadway & W 41 St
963	241	14	21.59	1	Broadway & W 41 St
964	241	11	21.79	1	Broadway & W 41 St
965	241	23	20.61	1	Broadway & W 41 St
966	241	13	21.68	1	Broadway & W 41 St
967	241	0	20.67	1	Broadway & W 41 St
968	241	10	21.57	1	Broadway & W 41 St
969	241	9	21.57	1	Broadway & W 41 St
970	241	19	21.71	1	Broadway & W 41 St
971	241	3	20.92	1	Broadway & W 41 St
972	241	17	21.36	1	Broadway & W 41 St
973	241	15	21.59	1	Broadway & W 41 St
974	241	2	20.66	1	Broadway & W 41 St
975	241	6	22.25	1	Broadway & W 41 St
976	241	12	21.92	1	Broadway & W 41 St
977	241	18	21.5	1	Broadway & W 41 St
978	241	1	20.55	1	Broadway & W 41 St
979	241	16	21.57	1	Broadway & W 41 St
980	241	4	20.92	1	Broadway & W 41 St
981	241	20	21.36	1	Broadway & W 41 St
982	241	8	21.51	1	Broadway & W 41 St
983	241	7	22.22	1	Broadway & W 41 St
984	241	5	21.46	1	Broadway & W 41 St
985	254	19	10.53	1	11 Ave & W 41 St
986	254	21	17.43	1	11 Ave & W 41 St
987	254	23	24.66	1	11 Ave & W 41 St
988	254	7	0.54	1	11 Ave & W 41 St
989	254	11	0	1	11 Ave & W 41 St
990	254	22	25.11	1	11 Ave & W 41 St
991	254	2	15.85	1	11 Ave & W 41 St
992	254	14	0	1	11 Ave & W 41 St
993	254	10	0	1	11 Ave & W 41 St
994	254	13	0	1	11 Ave & W 41 St
995	254	9	0	1	11 Ave & W 41 St
996	254	20	8.76	1	11 Ave & W 41 St
997	254	0	19.67	1	11 Ave & W 41 St
998	254	8	0	1	11 Ave & W 41 St
999	254	12	0	1	11 Ave & W 41 St
1000	254	4	13.18	1	11 Ave & W 41 St
1001	254	3	16.45	1	11 Ave & W 41 St
1002	254	6	3.71	1	11 Ave & W 41 St
1003	254	15	0	1	11 Ave & W 41 St
1004	254	17	4.05	1	11 Ave & W 41 St
1005	254	5	11.55	1	11 Ave & W 41 St
1006	254	18	10.58	1	11 Ave & W 41 St
1007	254	1	16.35	1	11 Ave & W 41 St
1008	254	16	0.11	1	11 Ave & W 41 St
1009	263	23	30.29	1	E 20 St & FDR Drive
1010	263	15	13.74	1	E 20 St & FDR Drive
1011	263	8	14.19	1	E 20 St & FDR Drive
1012	263	12	13.2	1	E 20 St & FDR Drive
1013	263	4	26.58	1	E 20 St & FDR Drive
1014	263	11	13.4	1	E 20 St & FDR Drive
1015	263	16	14.38	1	E 20 St & FDR Drive
1016	263	9	13.73	1	E 20 St & FDR Drive
1017	263	3	34.97	1	E 20 St & FDR Drive
1018	263	0	35.56	1	E 20 St & FDR Drive
1019	263	1	37.79	1	E 20 St & FDR Drive
1020	263	20	24.21	1	E 20 St & FDR Drive
1021	263	17	15.12	1	E 20 St & FDR Drive
1022	263	7	14.05	1	E 20 St & FDR Drive
1023	263	18	31.31	1	E 20 St & FDR Drive
1024	263	10	14.16	1	E 20 St & FDR Drive
1025	263	14	13.74	1	E 20 St & FDR Drive
1026	263	19	35.53	1	E 20 St & FDR Drive
1027	263	6	13.74	1	E 20 St & FDR Drive
1028	263	2	37.38	1	E 20 St & FDR Drive
1029	263	5	15.47	1	E 20 St & FDR Drive
1030	263	13	13.73	1	E 20 St & FDR Drive
1031	263	21	23.68	1	E 20 St & FDR Drive
1032	263	22	21.6	1	E 20 St & FDR Drive
1033	271	10	0.11	1	W 47 St & 10 Ave
1034	271	22	19.3	1	W 47 St & 10 Ave
1035	271	11	0.44	1	W 47 St & 10 Ave
1036	271	12	0.33	1	W 47 St & 10 Ave
1037	271	6	3.16	1	W 47 St & 10 Ave
1038	271	7	0	1	W 47 St & 10 Ave
1039	271	2	23.17	1	W 47 St & 10 Ave
1040	271	19	6.91	1	W 47 St & 10 Ave
1041	271	23	19.59	1	W 47 St & 10 Ave
1042	271	18	4.74	1	W 47 St & 10 Ave
1043	271	15	0.65	1	W 47 St & 10 Ave
1044	271	4	22.98	1	W 47 St & 10 Ave
1045	271	14	0.55	1	W 47 St & 10 Ave
1046	271	5	13.18	1	W 47 St & 10 Ave
1047	271	16	1.09	1	W 47 St & 10 Ave
1048	271	21	13.93	1	W 47 St & 10 Ave
1049	271	8	0.33	1	W 47 St & 10 Ave
1050	271	3	22.77	1	W 47 St & 10 Ave
1051	271	17	0.99	1	W 47 St & 10 Ave
1052	271	9	0	1	W 47 St & 10 Ave
1053	271	0	29.22	1	W 47 St & 10 Ave
1054	271	1	27.4	1	W 47 St & 10 Ave
1055	271	20	9.2	1	W 47 St & 10 Ave
1056	271	13	0.44	1	W 47 St & 10 Ave
1057	279	1	33.48	1	1 Ave & E 15 St
1058	279	9	18.95	1	1 Ave & E 15 St
1059	279	21	35.31	1	1 Ave & E 15 St
1060	279	5	24.18	1	1 Ave & E 15 St
1061	279	12	17.99	1	1 Ave & E 15 St
1062	279	17	18.07	1	1 Ave & E 15 St
1063	279	23	33.56	1	1 Ave & E 15 St
1064	279	11	18.3	1	1 Ave & E 15 St
1065	279	22	31.91	1	1 Ave & E 15 St
1066	279	10	18.74	1	1 Ave & E 15 St
1067	279	14	18.32	1	1 Ave & E 15 St
1068	279	7	18.85	1	1 Ave & E 15 St
1069	279	4	26.14	1	1 Ave & E 15 St
1070	279	8	19	1	1 Ave & E 15 St
1071	279	15	18.32	1	1 Ave & E 15 St
1072	279	2	30.82	1	1 Ave & E 15 St
1073	279	16	18.3	1	1 Ave & E 15 St
1074	279	6	20.5	1	1 Ave & E 15 St
1075	279	3	27.23	1	1 Ave & E 15 St
1076	279	0	32.78	1	1 Ave & E 15 St
1077	279	18	19.63	1	1 Ave & E 15 St
1078	279	13	18.3	1	1 Ave & E 15 St
1079	279	19	29.06	1	1 Ave & E 15 St
1080	279	20	35.05	1	1 Ave & E 15 St
1081	283	1	19.45	1	9 Ave & W 22 St
1082	283	5	4.58	1	9 Ave & W 22 St
1083	283	22	24.12	1	9 Ave & W 22 St
1084	283	9	0	1	9 Ave & W 22 St
1085	283	14	1.53	1	9 Ave & W 22 St
1086	283	18	25.03	1	9 Ave & W 22 St
1087	283	21	23.36	1	9 Ave & W 22 St
1088	283	6	0.55	1	9 Ave & W 22 St
1089	283	10	0.22	1	9 Ave & W 22 St
1090	283	2	13.22	1	9 Ave & W 22 St
1091	283	7	0	1	9 Ave & W 22 St
1092	283	13	0.44	1	9 Ave & W 22 St
1093	283	23	26.58	1	9 Ave & W 22 St
1094	283	17	14.02	1	9 Ave & W 22 St
1095	283	4	11.55	1	9 Ave & W 22 St
1096	283	11	0.98	1	9 Ave & W 22 St
1097	283	16	3.7	1	9 Ave & W 22 St
1098	283	15	2.18	1	9 Ave & W 22 St
1099	283	19	23.46	1	9 Ave & W 22 St
1100	283	12	0.11	1	9 Ave & W 22 St
1101	283	20	21.8	1	9 Ave & W 22 St
1102	283	8	0	1	9 Ave & W 22 St
1103	283	0	23.67	1	9 Ave & W 22 St
1104	283	3	12.09	1	9 Ave & W 22 St
1105	284	2	35.74	1	W 51 St & 6 Ave
1106	284	14	37.3	1	W 51 St & 6 Ave
1107	284	7	37.04	1	W 51 St & 6 Ave
1108	284	23	36.04	1	W 51 St & 6 Ave
1109	284	18	35.94	1	W 51 St & 6 Ave
1110	284	22	36.18	1	W 51 St & 6 Ave
1111	284	9	54.47	1	W 51 St & 6 Ave
1112	284	17	36.36	1	W 51 St & 6 Ave
1113	284	5	35.95	1	W 51 St & 6 Ave
1114	284	21	36.18	1	W 51 St & 6 Ave
1115	284	6	35.99	1	W 51 St & 6 Ave
1116	284	15	36.86	1	W 51 St & 6 Ave
1117	284	11	45.42	1	W 51 St & 6 Ave
1118	284	8	46.18	1	W 51 St & 6 Ave
1119	284	13	37.91	1	W 51 St & 6 Ave
1120	284	3	35.95	1	W 51 St & 6 Ave
1121	284	10	50	1	W 51 St & 6 Ave
1122	284	0	36	1	W 51 St & 6 Ave
1123	284	12	39.69	1	W 51 St & 6 Ave
1124	284	16	36.6	1	W 51 St & 6 Ave
1125	284	19	36.18	1	W 51 St & 6 Ave
1126	284	4	35.95	1	W 51 St & 6 Ave
1127	284	20	36.25	1	W 51 St & 6 Ave
1128	284	1	35.8	1	W 51 St & 6 Ave
1129	285	18	20.84	1	E 14 St & Avenue B
1130	285	7	6.43	1	E 14 St & Avenue B
1131	285	15	0	1	E 14 St & Avenue B
1132	285	11	1.2	1	E 14 St & Avenue B
1133	285	6	3.16	1	E 14 St & Avenue B
1134	285	22	2.19	1	E 14 St & Avenue B
1135	285	14	0	1	E 14 St & Avenue B
1136	285	21	1.1	1	E 14 St & Avenue B
1137	285	13	0	1	E 14 St & Avenue B
1138	285	20	1.2	1	E 14 St & Avenue B
1139	285	19	5.37	1	E 14 St & Avenue B
1140	285	4	35.19	1	E 14 St & Avenue B
1141	285	12	0	1	E 14 St & Avenue B
1142	285	0	24.33	1	E 14 St & Avenue B
1143	285	23	12.27	1	E 14 St & Avenue B
1144	285	3	35.62	1	E 14 St & Avenue B
1145	285	10	1.53	1	E 14 St & Avenue B
1146	285	16	0.11	1	E 14 St & Avenue B
1147	285	2	34.75	1	E 14 St & Avenue B
1148	285	17	3.18	1	E 14 St & Avenue B
1149	285	8	1.2	1	E 14 St & Avenue B
1150	285	1	32.38	1	E 14 St & Avenue B
1151	285	9	0.11	1	E 14 St & Avenue B
1152	285	5	15.14	1	E 14 St & Avenue B
1153	296	17	14.35	1	E 51 St & Lexington Ave
1154	296	2	14.97	1	E 51 St & Lexington Ave
1155	296	6	14.5	1	E 51 St & Lexington Ave
1156	296	18	14.44	1	E 51 St & Lexington Ave
1157	296	16	15.03	1	E 51 St & Lexington Ave
1158	296	9	31.59	1	E 51 St & Lexington Ave
1159	296	20	15.12	1	E 51 St & Lexington Ave
1160	296	21	15.13	1	E 51 St & Lexington Ave
1161	296	13	17.76	1	E 51 St & Lexington Ave
1162	296	19	15.02	1	E 51 St & Lexington Ave
1163	296	3	14.71	1	E 51 St & Lexington Ave
1164	296	15	15.7	1	E 51 St & Lexington Ave
1165	296	12	16.79	1	E 51 St & Lexington Ave
1166	296	7	15.14	1	E 51 St & Lexington Ave
1167	296	23	15.32	1	E 51 St & Lexington Ave
1168	296	4	15.03	1	E 51 St & Lexington Ave
1169	296	22	15.13	1	E 51 St & Lexington Ave
1170	296	14	15.92	1	E 51 St & Lexington Ave
1171	296	10	22.88	1	E 51 St & Lexington Ave
1172	296	11	20.59	1	E 51 St & Lexington Ave
1173	296	5	14.49	1	E 51 St & Lexington Ave
1174	296	8	18.78	1	E 51 St & Lexington Ave
1175	296	1	15.25	1	E 51 St & Lexington Ave
1176	296	0	15.33	1	E 51 St & Lexington Ave
1177	314	22	41.89	1	E 23 St & 1 Ave
1178	314	10	26.36	1	E 23 St & 1 Ave
1179	314	23	42.68	1	E 23 St & 1 Ave
1180	314	1	47.85	1	E 23 St & 1 Ave
1181	314	18	26.71	1	E 23 St & 1 Ave
1182	314	15	26.5	1	E 23 St & 1 Ave
1183	314	14	26.94	1	E 23 St & 1 Ave
1184	314	2	47.54	1	E 23 St & 1 Ave
1185	314	11	27.12	1	E 23 St & 1 Ave
1186	314	6	26.72	1	E 23 St & 1 Ave
1187	314	5	30.94	1	E 23 St & 1 Ave
1188	314	7	28.54	1	E 23 St & 1 Ave
1189	314	20	36.91	1	E 23 St & 1 Ave
1190	314	12	26.61	1	E 23 St & 1 Ave
1191	314	8	29.04	1	E 23 St & 1 Ave
1192	314	19	34.39	1	E 23 St & 1 Ave
1193	314	9	25.93	1	E 23 St & 1 Ave
1194	314	3	47.93	1	E 23 St & 1 Ave
1195	314	4	45.75	1	E 23 St & 1 Ave
1196	314	13	26.69	1	E 23 St & 1 Ave
1197	314	0	45.11	1	E 23 St & 1 Ave
1198	314	17	26.18	1	E 23 St & 1 Ave
1199	314	21	37.94	1	E 23 St & 1 Ave
1200	314	16	26.69	1	E 23 St & 1 Ave
1201	319	19	39.54	1	1 Ave & 18 St
1202	319	22	45.61	1	1 Ave & 18 St
1203	319	10	15.03	1	1 Ave & 18 St
1204	319	1	48.62	1	1 Ave & 18 St
1205	319	23	48.76	1	1 Ave & 18 St
1206	319	11	15.14	1	1 Ave & 18 St
1207	319	14	15.05	1	1 Ave & 18 St
1208	319	8	15.72	1	1 Ave & 18 St
1209	319	18	18.87	1	1 Ave & 18 St
1210	319	2	48.74	1	1 Ave & 18 St
1211	319	15	15.05	1	1 Ave & 18 St
1212	319	6	18.32	1	1 Ave & 18 St
1213	319	5	26.47	1	1 Ave & 18 St
1214	319	7	15.69	1	1 Ave & 18 St
1215	319	3	49.46	1	1 Ave & 18 St
1216	319	12	15.05	1	1 Ave & 18 St
1217	319	13	15.03	1	1 Ave & 18 St
1218	319	9	15.58	1	1 Ave & 18 St
1219	319	20	39.65	1	1 Ave & 18 St
1220	319	17	14.9	1	1 Ave & 18 St
1221	319	4	44.23	1	1 Ave & 18 St
1222	319	21	39.8	1	1 Ave & 18 St
1223	319	0	44.56	1	1 Ave & 18 St
1224	319	16	15.03	1	1 Ave & 18 St
1225	330	10	0	1	E Broadway & Grand St
1226	330	21	40.79	1	E Broadway & Grand St
1227	330	9	0	1	E Broadway & Grand St
1228	330	6	5.02	1	E Broadway & Grand St
1229	330	13	0	1	E Broadway & Grand St
1230	330	23	47.41	1	E Broadway & Grand St
1231	330	2	45.68	1	E Broadway & Grand St
1232	330	17	0.55	1	E Broadway & Grand St
1233	330	7	0.33	1	E Broadway & Grand St
1234	330	1	43.09	1	E Broadway & Grand St
1235	330	5	19.83	1	E Broadway & Grand St
1236	330	19	24.45	1	E Broadway & Grand St
1237	330	12	0	1	E Broadway & Grand St
1238	330	14	0	1	E Broadway & Grand St
1239	330	3	48.15	1	E Broadway & Grand St
1240	330	22	44.85	1	E Broadway & Grand St
1241	330	0	48.33	1	E Broadway & Grand St
1242	330	18	6.39	1	E Broadway & Grand St
1243	330	4	37.69	1	E Broadway & Grand St
1244	330	8	0	1	E Broadway & Grand St
1245	330	11	0	1	E Broadway & Grand St
1246	330	15	0	1	E Broadway & Grand St
1247	330	20	31.33	1	E Broadway & Grand St
1248	330	16	0	1	E Broadway & Grand St
